{
  ".graphify_corpus/ch05-chapter-05.md": 1775651415.0615203,
  ".graphify_corpus/ch07-chapter-07.md": 1775651415.0757008,
  ".graphify_corpus/ch03-chapter-03.md": 1775651415.0469432,
  ".graphify_corpus/ch01-chapter-01.md": 1775651415.027861,
  ".graphify_corpus/ch09-chapter-09.md": 1775651415.0870082,
  ".graphify_corpus/chX-chapter-X.md": 1775651415.0966516,
  ".graphify_corpus/ch02-chapter-02.md": 1775651415.0359209,
  ".graphify_corpus/ch06-chapter-06.md": 1775651415.069492,
  ".graphify_corpus/ch04-chapter-04.md": 1775651415.0543258,
  ".graphify_corpus/ch08-chapter-08.md": 1775651415.0822518
}